{"n_layers": 5, "n_units_0": 900, "n_units_1": 113, "n_units_2": 1440, "n_units_3": 478, "n_units_4": 3328, "hidden_activation": "PReLU", "output_activation": "Linear", "loss": "MSE", "optimizer": "Adagrad", "lr": 0.00011087958821070323, "batch_size": 512, "n_epochs": 96, "scheduler": "ReduceLROnPlateau", "prelu_init": 0.17493389193362222, "dropout_rate": 0.4666513907706338, "factor": 0.1268014778250041, "patience": 5, "threshold": 0.006885285639740321}