{"n_layers": 5, "n_units_0": 216, "n_units_1": 2666, "n_units_2": 1459, "n_units_3": 485, "n_units_4": 103, "hidden_activation": "PReLU", "output_activation": "Linear", "loss": "MSE", "optimizer": "Adagrad", "lr": 0.0001367351585501817, "batch_size": 512, "n_epochs": 99, "scheduler": "StepLR", "prelu_init": 0.11477334117017686, "dropout_rate": 0.2864714367779264, "step_size": 7, "gamma": 0.43337686217448446}